sampling_group,N_sampled,N_downloaded,N_predicted,download_success_pct,class_0_pct,class_1_pct,class_2_pct,mean_confidence
Magnoliopsida,5958,2000,2000,33.56831151393085,0.75,2.4,96.85000000000001,0.96084521484375
Liliopsida,5967,2000,2000,33.517680576504105,1.2,1.6500000000000001,97.15,0.96305419921875
Polypodiopsida,5942,2000,2000,33.65870077415012,0.95,2.0,97.05,0.9625352783203125
Bryophyta,5988,2000,2000,33.4001336005344,77.95,21.45,0.6,0.962638916015625
